{
  "id": "102019a1e81a95e789c93f74596d1eac97e",
  "version": "102019a1e81a95e7593b1f1080f4f440704",
  "schema": {
    "name": "rsvp",
    "description": "Records a user's response to an event invitation (attending).",
    "fields": [
      {
        "name": "id",
        "description": "Unique identifier for each RSVP record.",
        "type": 1,
        "compliance": {
          "confidentiality": 2,
          "reason": "Internal record identifier."
        }
      },
      {
        "name": "data_creator",
        "description": "id of the user who creates the record",
        "type": 1,
        "compliance": {
          "confidentiality": 2,
          "reason": "Internal audit trail."
        }
      },
      {
        "name": "data_updater",
        "description": "id of the user who updates the record",
        "type": 1,
        "compliance": {
          "confidentiality": 2,
          "reason": "Internal audit trail."
        }
      },
      {
        "name": "create_time",
        "description": "create time in timestamp unix",
        "type": 1,
        "compliance": {
          "confidentiality": 2,
          "reason": "Internal audit trail."
        },
        "format": "timestamp"
      },
      {
        "name": "update_time",
        "description": "update time in timestamp unix",
        "type": 1,
        "compliance": {
          "confidentiality": 2,
          "reason": "Internal audit trail."
        },
        "format": "timestamp"
      },
      {
        "name": "user_id",
        "description": "The ID of the user who is RSVPing.",
        "type": 1,
        "compliance": {
          "confidentiality": 2,
          "reason": "Links RSVP to a specific user."
        }
      },
      {
        "name": "event_id",
        "description": "The ID of the event for which the RSVP is made.",
        "type": 1,
        "compliance": {
          "confidentiality": 2,
          "reason": "Links RSVP to a specific event."
        }
      },
      {
        "name": "rsvp_at",
        "description": "Timestamp of when the user RSVP'd.",
        "type": 1,
        "compliance": {
          "confidentiality": 2,
          "reason": "Timestamp of user action."
        },
        "format": "timestamp"
      },
      {
        "name": "calendar_added",
        "description": "Indicates if the user has added this event to their personal calendar.",
        "type": 3,
        "compliance": {
          "confidentiality": 3,
          "reason": "User-specific state information."
        }
      }
    ],
    "indexes": [
      {
        "fields": [
          "id"
        ],
        "unique": true,
        "primary": true,
        "order": false
      },
      {
        "fields": [
          "event_id",
          "user_id"
        ],
        "unique": true,
        "order": false
      },
      {
        "fields": [
          "user_id"
        ],
        "order": false
      },
      {
        "fields": [
          "event_id"
        ],
        "order": false
      },
      {
        "fields": [
          "data_creator"
        ],
        "order": false
      },
      {
        "fields": [
          "data_updater"
        ],
        "order": false
      }
    ],
    "relations": [
      {
        "referencing_fields": [
          "user_id"
        ],
        "referenced_entity": {
          "name": "user"
        },
        "referenced_fields": [
          "id"
        ],
        "cascade": true
      },
      {
        "referencing_fields": [
          "event_id"
        ],
        "referenced_entity": {
          "name": "event"
        },
        "referenced_fields": [
          "id"
        ],
        "cascade": true
      }
    ]
  },
  "task": {
    "id": "68fd8ddc75e06ca1e8950834",
    "root": "68fd8ddc75e06ca1e8950834",
    "project": "68fd8ddc75e06ca1e8950833",
    "user": "b8614360-00d1-7007-9c9b-c2ddc52294f0"
  },
  "namespace": {
    "id": "01987547fc6c72ecb453bd2736bd4ea0",
    "tenant": 2,
    "name": "global-1",
    "default": true
  },
  "revision": 1
}