{
  "id": "102019a1e81a95e7697bfc51e46d52e3592",
  "version": "102019a1e81a95e7593b1f1080f4f440704",
  "schema": {
    "name": "user",
    "description": "Represents users of the application, including authentication and profile information.",
    "fields": [
      {
        "name": "id",
        "description": "Unique identifier for each user.",
        "type": 1,
        "compliance": {
          "confidentiality": 2,
          "reason": "Internal user identifier."
        }
      },
      {
        "name": "data_creator",
        "description": "id of the user who creates the record",
        "type": 1,
        "compliance": {
          "confidentiality": 2,
          "reason": "Internal audit trail."
        }
      },
      {
        "name": "data_updater",
        "description": "id of the user who updates the record",
        "type": 1,
        "compliance": {
          "confidentiality": 2,
          "reason": "Internal audit trail."
        }
      },
      {
        "name": "create_time",
        "description": "create time in timestamp unix",
        "type": 1,
        "compliance": {
          "confidentiality": 2,
          "reason": "Internal audit trail."
        },
        "format": "timestamp"
      },
      {
        "name": "update_time",
        "description": "update time in timestamp unix",
        "type": 1,
        "compliance": {
          "confidentiality": 2,
          "reason": "Internal audit trail."
        },
        "format": "timestamp"
      },
      {
        "name": "email",
        "description": "User's email address for authentication and communication.",
        "type": 1,
        "compliance": {
          "confidentiality": 4,
          "reason": "Personal Identifiable Information (PII) used for login."
        },
        "format": "email"
      },
      {
        "name": "password_hash",
        "description": "Hashed password for user authentication.",
        "type": 1,
        "compliance": {
          "confidentiality": 4,
          "reason": "Highly sensitive authentication credential."
        },
        "encryption": true
      },
      {
        "name": "username",
        "description": "Unique public username for the user.",
        "type": 1,
        "compliance": {
          "confidentiality": 1,
          "reason": "Publicly visible user identifier."
        }
      },
      {
        "name": "event_preference",
        "description": "An array of strings indicating user's preferred event types or tags.",
        "type": 101,
        "compliance": {
          "confidentiality": 3,
          "reason": "User-provided preference data."
        },
        "nullable": true,
        "items": {
          "description": "A single event preference string.",
          "type": 1,
          "taxonomy": {
            "category": "User Profile",
            "subject": "Preferences"
          },
          "pattern": "^[a-zA-Z0-9_-]+$"
        }
      },
      {
        "name": "notification_setting",
        "description": "User's preferences for receiving notifications.",
        "type": 102,
        "compliance": {
          "confidentiality": 3,
          "reason": "User-specific settings."
        },
        "inner": [
          {
            "name": "weekly_summary",
            "description": "Enable or disable weekly summary notifications.",
            "type": 3,
            "compliance": {
              "confidentiality": 3,
              "reason": "User preference setting."
            }
          },
          {
            "name": "event_created",
            "description": "Enable or disable notifications for new events.",
            "type": 3,
            "compliance": {
              "confidentiality": 3,
              "reason": "User preference setting."
            }
          },
          {
            "name": "event_cancelled",
            "description": "Enable or disable notifications for cancelled events.",
            "type": 3,
            "compliance": {
              "confidentiality": 3,
              "reason": "User preference setting."
            }
          }
        ]
      },
      {
        "name": "events_attended_count",
        "description": "Total number of events the user has attended.",
        "type": 2,
        "compliance": {
          "confidentiality": 2,
          "reason": "User activity statistic."
        },
        "taxonomy": {
          "category": "User Statistics",
          "subject": "Event Attendance"
        },
        "numeric": "uint"
      },
      {
        "name": "events_hosted_count",
        "description": "Total number of events the user has hosted.",
        "type": 2,
        "compliance": {
          "confidentiality": 2,
          "reason": "User activity statistic."
        },
        "taxonomy": {
          "category": "User Statistics",
          "subject": "Event Hosting"
        },
        "numeric": "uint"
      },
      {
        "name": "current_latitude",
        "description": "User's last known latitude for location-based recommendations.",
        "type": 2,
        "compliance": {
          "confidentiality": 4,
          "reason": "Sensitive user location data."
        },
        "nullable": true,
        "numeric": "float"
      },
      {
        "name": "current_longitude",
        "description": "User's last known longitude for location-based recommendations.",
        "type": 2,
        "compliance": {
          "confidentiality": 4,
          "reason": "Sensitive user location data."
        },
        "nullable": true,
        "numeric": "float"
      }
    ],
    "indexes": [
      {
        "fields": [
          "id"
        ],
        "unique": true,
        "primary": true,
        "order": false
      },
      {
        "fields": [
          "email"
        ],
        "unique": true,
        "order": false
      },
      {
        "fields": [
          "username"
        ],
        "unique": true,
        "order": false
      },
      {
        "fields": [
          "data_creator"
        ],
        "order": false
      },
      {
        "fields": [
          "data_updater"
        ],
        "order": false
      },
      {
        "fields": [
          "current_latitude",
          "current_longitude"
        ],
        "order": false
      }
    ]
  },
  "task": {
    "id": "68fd8ddc75e06ca1e8950834",
    "root": "68fd8ddc75e06ca1e8950834",
    "project": "68fd8ddc75e06ca1e8950833",
    "user": "b8614360-00d1-7007-9c9b-c2ddc52294f0"
  },
  "namespace": {
    "id": "01987547fc6c72ecb453bd2736bd4ea0",
    "tenant": 2,
    "name": "global-1",
    "default": true
  },
  "revision": 1
}