{
  "openapi": "3.0.0",
  "info": {
    "title": "Google Maps JavaScript API Loader",
    "version": "1.0.0",
    "description": "A conceptual OpenAPI specification for loading the Google Maps JavaScript API client-side library. The core functionality is client-side, but this documents the authenticated script loading endpoint."
  },
  "servers": [
    {
      "url": "https://api-production.creao.ai/execute-apis/v2",
      "description": "Google Maps API Host"
    }
  ],
  "paths": {
    "/maps/api/js": {
      "get": {
        "summary": "Load the Google Maps JavaScript API",
        "description": "Loads the Maps JavaScript API library for client-side use in a web browser. The 'key' parameter is required for authentication and billing.",
        "operationId": "loadMapsJavaScriptAPI",
        "parameters": [
          {
            "$ref": "#/components/parameters/CreaoApiNameHeader"
          },
          {
            "$ref": "#/components/parameters/CreaoApiPathHeader"
          },
          {
            "$ref": "#/components/parameters/CreaoApiIdHeader"
          },
          {
            "name": "key",
            "in": "query",
            "required": true,
            "schema": {
              "type": "string"
            },
            "description": "Your Google Maps Platform API key. **You must restrict this key by HTTP referrer (website URLs) for security.**"
          },
          {
            "name": "callback",
            "in": "query",
            "required": false,
            "schema": {
              "type": "string"
            },
            "description": "A global function name to be executed once the API is loaded."
          },
          {
            "name": "libraries",
            "in": "query",
            "required": false,
            "schema": {
              "type": "string"
            },
            "description": "A comma-separated list of additional libraries to load (e.g., places, geometry, drawing)."
          }
        ],
        "responses": {
          "200": {
            "description": "Successful script load (the API library is returned and executes in the browser).",
            "content": {
              "application/javascript": {
                "schema": {
                  "type": "string",
                  "description": "The JavaScript code for the Maps API library."
                }
              }
            }
          },
          "400": {
            "description": "Bad Request (e.g., missing API key or invalid parameters)."
          }
        },
        "security": [
          {
            "apiKeyAuth": []
          }
        ]
      }
    }
  },
  "components": {
    "securitySchemes": {
      "apiKeyAuth": {
        "type": "apiKey",
        "in": "query",
        "name": "key",
        "description": "Authentication using an API key passed as the 'key' query parameter. **Important: API keys should be restricted for security.**"
      }
    },
    "parameters": {
      "CreaoApiNameHeader": {
        "name": "X-CREAO-API-NAME",
        "in": "header",
        "required": true,
        "schema": {
          "type": "string",
          "default": "mapsjavascripapi"
        },
        "description": "API name identifier"
      },
      "CreaoApiIdHeader": {
        "name": "X-CREAO-API-ID",
        "in": "header",
        "required": true,
        "schema": {
          "type": "string",
          "default": "68fd91184ee1dc116d72651f"
        },
        "description": "API ID identifier"
      },
      "CreaoApiPathHeader": {
        "name": "X-CREAO-API-PATH",
        "in": "header",
        "required": true,
        "schema": {
          "type": "string",
          "default": "/maps/api/js"
        },
        "description": "API path identifier"
      }
    }
  }
}