{
  "id": "102019a1e82021378dfb2cc31cdb0262d93",
  "version": "102019a201b5c7673e9ab9eecf28fbf346f",
  "schema": {
    "name": "comment",
    "description": "Stores comments made by users on events.",
    "fields": [
      {
        "name": "id",
        "description": "Unique identifier for each comment.",
        "type": 1,
        "compliance": {
          "confidentiality": 2,
          "reason": "Internal record identifier."
        }
      },
      {
        "name": "data_creator",
        "description": "id of the user who creates the record",
        "type": 1,
        "compliance": {
          "confidentiality": 2,
          "reason": "Internal audit trail."
        }
      },
      {
        "name": "data_updater",
        "description": "id of the user who updates the record",
        "type": 1,
        "compliance": {
          "confidentiality": 2,
          "reason": "Internal audit trail."
        }
      },
      {
        "name": "create_time",
        "description": "create time in timestamp unix",
        "type": 1,
        "compliance": {
          "confidentiality": 1,
          "reason": "Publicly visible timestamp of comment creation."
        },
        "format": "timestamp"
      },
      {
        "name": "update_time",
        "description": "update time in timestamp unix",
        "type": 1,
        "compliance": {
          "confidentiality": 1,
          "reason": "Publicly visible timestamp of comment update."
        },
        "format": "timestamp"
      },
      {
        "name": "event_id",
        "description": "The ID of the event on which the comment was posted.",
        "type": 1,
        "compliance": {
          "confidentiality": 2,
          "reason": "Links comment to a specific event."
        }
      },
      {
        "name": "user_id",
        "description": "The ID of the user who posted the comment.",
        "type": 1,
        "compliance": {
          "confidentiality": 2,
          "reason": "Links comment to a specific user."
        }
      },
      {
        "name": "content",
        "description": "The text content of the comment.",
        "type": 1,
        "compliance": {
          "confidentiality": 1,
          "reason": "Publicly visible user-generated content."
        }
      }
    ],
    "indexes": [
      {
        "fields": [
          "id"
        ],
        "unique": true,
        "primary": true,
        "order": false
      },
      {
        "fields": [
          "create_time",
          "event_id"
        ],
        "order": true
      },
      {
        "fields": [
          "user_id"
        ],
        "order": false
      },
      {
        "fields": [
          "data_creator"
        ],
        "order": false
      },
      {
        "fields": [
          "data_updater"
        ],
        "order": false
      }
    ],
    "relations": [
      {
        "referencing_fields": [
          "event_id"
        ],
        "referenced_entity": {
          "name": "event"
        },
        "referenced_fields": [
          "id"
        ],
        "cascade": true
      },
      {
        "referencing_fields": [
          "user_id"
        ],
        "referenced_entity": {
          "name": "user"
        },
        "referenced_fields": [
          "id"
        ],
        "cascade": true
      }
    ]
  },
  "task": {
    "id": "68fdfaad9b5209b89cd6f4ef",
    "root": "68fd8ddc75e06ca1e8950834",
    "project": "68fd8ddc75e06ca1e8950833",
    "user": "b8614360-00d1-7007-9c9b-c2ddc52294f0"
  },
  "namespace": {
    "id": "01987547fc6c72ecb453bd2736bd4ea0",
    "tenant": 2,
    "name": "global-1",
    "default": true
  },
  "revision": 1
}