{
  "id": "102019a1e820213725e96dbc5ec0c533899",
  "version": "102019a201b5c7673e9ab9eecf28fbf346f",
  "schema": {
    "name": "event",
    "description": "Represents social events created by users.",
    "fields": [
      {
        "name": "id",
        "description": "Unique identifier for each event.",
        "type": 1,
        "compliance": {
          "confidentiality": 1,
          "reason": "Public event identifier."
        }
      },
      {
        "name": "data_creator",
        "description": "id of the user who creates the record",
        "type": 1,
        "compliance": {
          "confidentiality": 2,
          "reason": "Internal audit trail."
        }
      },
      {
        "name": "data_updater",
        "description": "id of the user who updates the record",
        "type": 1,
        "compliance": {
          "confidentiality": 2,
          "reason": "Internal audit trail."
        }
      },
      {
        "name": "create_time",
        "description": "create time in timestamp unix",
        "type": 1,
        "compliance": {
          "confidentiality": 2,
          "reason": "Internal audit trail."
        },
        "format": "timestamp"
      },
      {
        "name": "update_time",
        "description": "update time in timestamp unix",
        "type": 1,
        "compliance": {
          "confidentiality": 2,
          "reason": "Internal audit trail."
        },
        "format": "timestamp"
      },
      {
        "name": "title",
        "description": "The title of the event.",
        "type": 1,
        "compliance": {
          "confidentiality": 1,
          "reason": "Public event information."
        }
      },
      {
        "name": "description",
        "description": "A detailed description of the event.",
        "type": 1,
        "compliance": {
          "confidentiality": 1,
          "reason": "Public event information."
        }
      },
      {
        "name": "location_address",
        "description": "The physical address of the event location.",
        "type": 1,
        "compliance": {
          "confidentiality": 1,
          "reason": "Public event location."
        }
      },
      {
        "name": "latitude",
        "description": "The latitude of the event location for geospatial queries.",
        "type": 2,
        "compliance": {
          "confidentiality": 1,
          "reason": "Public event location."
        },
        "numeric": "float"
      },
      {
        "name": "longitude",
        "description": "The longitude of the event location for geospatial queries.",
        "type": 2,
        "compliance": {
          "confidentiality": 1,
          "reason": "Public event location."
        },
        "numeric": "float"
      },
      {
        "name": "start_datetime",
        "description": "The start date and time of the event in unix timestamp string.",
        "type": 1,
        "compliance": {
          "confidentiality": 1,
          "reason": "Public event information."
        },
        "format": "timestamp"
      },
      {
        "name": "end_datetime",
        "description": "The end date and time of the event in unix timestamp string.",
        "type": 1,
        "compliance": {
          "confidentiality": 1,
          "reason": "Public event information."
        },
        "format": "timestamp"
      },
      {
        "name": "event_type",
        "description": "The category or type of the event (e.g., Music, Sports, Art).",
        "type": 1,
        "compliance": {
          "confidentiality": 1,
          "reason": "Public event information."
        }
      },
      {
        "name": "organizer_id",
        "description": "The ID of the user who organized the event.",
        "type": 1,
        "compliance": {
          "confidentiality": 1,
          "reason": "Public link to the event organizer."
        }
      },
      {
        "name": "photo_url",
        "description": "URL of a photo representing the event.",
        "type": 1,
        "compliance": {
          "confidentiality": 1,
          "reason": "Public event information."
        },
        "nullable": true
      },
      {
        "name": "tag",
        "description": "An array of tags for event categorization and discovery.",
        "type": 101,
        "compliance": {
          "confidentiality": 1,
          "reason": "Public event metadata."
        },
        "nullable": true,
        "items": {
          "description": "A single tag string for the event.",
          "type": 1,
          "pattern": "^[a-zA-Z0-9_-]+$"
        }
      },
      {
        "name": "price",
        "description": "The ticket price for the event. 0 for free events.",
        "type": 2,
        "compliance": {
          "confidentiality": 1,
          "reason": "Public event information."
        },
        "taxonomy": {
          "category": "Financial",
          "subject": "Event Pricing"
        },
        "numeric": "float"
      },
      {
        "name": "age_requirement",
        "description": "The minimum age requirement to attend the event.",
        "type": 2,
        "compliance": {
          "confidentiality": 1,
          "reason": "Public event restriction information."
        },
        "nullable": true,
        "numeric": "uint"
      },
      {
        "name": "is_popular",
        "description": "Flag indicating if the event is popular, for highlighting.",
        "type": 3,
        "compliance": {
          "confidentiality": 2,
          "reason": "Internal ranking metric."
        }
      }
    ],
    "indexes": [
      {
        "fields": [
          "id"
        ],
        "unique": true,
        "primary": true,
        "order": false
      },
      {
        "fields": [
          "organizer_id"
        ],
        "order": false
      },
      {
        "fields": [
          "latitude",
          "longitude"
        ],
        "order": false
      },
      {
        "fields": [
          "start_datetime"
        ],
        "order": true
      },
      {
        "fields": [
          "event_type"
        ],
        "order": false
      },
      {
        "fields": [
          "price"
        ],
        "order": false
      },
      {
        "fields": [
          "is_popular"
        ],
        "order": false
      },
      {
        "fields": [
          "data_creator"
        ],
        "order": false
      },
      {
        "fields": [
          "data_updater"
        ],
        "order": false
      }
    ],
    "relations": [
      {
        "referencing_fields": [
          "organizer_id"
        ],
        "referenced_entity": {
          "name": "user"
        },
        "referenced_fields": [
          "id"
        ],
        "cascade": true
      }
    ]
  },
  "task": {
    "id": "68fdfaad9b5209b89cd6f4ef",
    "root": "68fd8ddc75e06ca1e8950834",
    "project": "68fd8ddc75e06ca1e8950833",
    "user": "b8614360-00d1-7007-9c9b-c2ddc52294f0"
  },
  "namespace": {
    "id": "01987547fc6c72ecb453bd2736bd4ea0",
    "tenant": 2,
    "name": "global-1",
    "default": true
  },
  "revision": 1
}