{
  "id": "102019a1e820213778b865b5e3e0320f901",
  "version": "102019a201b5c7673e9ab9eecf28fbf346f",
  "schema": {
    "name": "friendship",
    "description": "Represents the friendship link between two users.",
    "fields": [
      {
        "name": "id",
        "description": "Unique identifier for each friendship record.",
        "type": 1,
        "compliance": {
          "confidentiality": 2,
          "reason": "Internal record identifier."
        }
      },
      {
        "name": "data_creator",
        "description": "id of the user who creates the record",
        "type": 1,
        "compliance": {
          "confidentiality": 2,
          "reason": "Internal audit trail."
        }
      },
      {
        "name": "data_updater",
        "description": "id of the user who updates the record",
        "type": 1,
        "compliance": {
          "confidentiality": 2,
          "reason": "Internal audit trail."
        }
      },
      {
        "name": "create_time",
        "description": "create time in timestamp unix",
        "type": 1,
        "compliance": {
          "confidentiality": 2,
          "reason": "Internal audit trail."
        },
        "format": "timestamp"
      },
      {
        "name": "update_time",
        "description": "update time in timestamp unix",
        "type": 1,
        "compliance": {
          "confidentiality": 2,
          "reason": "Internal audit trail."
        },
        "format": "timestamp"
      },
      {
        "name": "user_id",
        "description": "The ID of the user who initiated the friend request.",
        "type": 1,
        "compliance": {
          "confidentiality": 2,
          "reason": "Links friendship to a specific user."
        }
      },
      {
        "name": "friend_id",
        "description": "The ID of the user who received the friend request.",
        "type": 1,
        "compliance": {
          "confidentiality": 2,
          "reason": "Links friendship to a specific user."
        }
      },
      {
        "name": "status",
        "description": "The current status of the friendship (e.g., pending, accepted).",
        "type": 100,
        "compliance": {
          "confidentiality": 2,
          "reason": "Internal state of the friendship."
        },
        "enumeration": [
          {
            "value": "Unspecified"
          },
          {
            "number": 1,
            "value": "Pending"
          },
          {
            "number": 2,
            "value": "Accepted"
          }
        ]
      }
    ],
    "indexes": [
      {
        "fields": [
          "id"
        ],
        "unique": true,
        "primary": true,
        "order": false
      },
      {
        "fields": [
          "friend_id",
          "user_id"
        ],
        "unique": true,
        "order": false
      },
      {
        "fields": [
          "status",
          "user_id"
        ],
        "order": false
      },
      {
        "fields": [
          "friend_id",
          "status"
        ],
        "order": false
      },
      {
        "fields": [
          "data_creator"
        ],
        "order": false
      },
      {
        "fields": [
          "data_updater"
        ],
        "order": false
      }
    ],
    "relations": [
      {
        "referencing_fields": [
          "user_id"
        ],
        "referenced_entity": {
          "name": "user"
        },
        "referenced_fields": [
          "id"
        ],
        "cascade": true
      },
      {
        "referencing_fields": [
          "friend_id"
        ],
        "referenced_entity": {
          "name": "user"
        },
        "referenced_fields": [
          "id"
        ],
        "cascade": true
      }
    ]
  },
  "task": {
    "id": "68fdfaad9b5209b89cd6f4ef",
    "root": "68fd8ddc75e06ca1e8950834",
    "project": "68fd8ddc75e06ca1e8950833",
    "user": "b8614360-00d1-7007-9c9b-c2ddc52294f0"
  },
  "namespace": {
    "id": "01987547fc6c72ecb453bd2736bd4ea0",
    "tenant": 2,
    "name": "global-1",
    "default": true
  },
  "revision": 1
}