{
  "id": "102019a1e8202127b65a51a482bab2195e0",
  "version": "102019a201b5c7673e9ab9eecf28fbf346f",
  "schema": {
    "name": "notification",
    "description": "Stores notifications to be sent or that have been sent to users.",
    "fields": [
      {
        "name": "id",
        "description": "Unique identifier for each notification.",
        "type": 1,
        "compliance": {
          "confidentiality": 2,
          "reason": "Internal record identifier."
        }
      },
      {
        "name": "data_creator",
        "description": "id of the user who creates the record",
        "type": 1,
        "compliance": {
          "confidentiality": 2,
          "reason": "Internal audit trail."
        }
      },
      {
        "name": "data_updater",
        "description": "id of the user who updates the record",
        "type": 1,
        "compliance": {
          "confidentiality": 2,
          "reason": "Internal audit trail."
        }
      },
      {
        "name": "create_time",
        "description": "create time in timestamp unix",
        "type": 1,
        "compliance": {
          "confidentiality": 2,
          "reason": "Internal audit trail."
        },
        "format": "timestamp"
      },
      {
        "name": "update_time",
        "description": "update time in timestamp unix",
        "type": 1,
        "compliance": {
          "confidentiality": 2,
          "reason": "Internal audit trail."
        },
        "format": "timestamp"
      },
      {
        "name": "user_id",
        "description": "The ID of the user who should receive the notification.",
        "type": 1,
        "compliance": {
          "confidentiality": 2,
          "reason": "Links notification to a specific user."
        }
      },
      {
        "name": "event_id",
        "description": "The ID of the event related to the notification, if applicable.",
        "type": 1,
        "compliance": {
          "confidentiality": 2,
          "reason": "Links notification to a specific event."
        },
        "nullable": true
      },
      {
        "name": "type",
        "description": "The type of notification (e.g., weekly, event created, event cancelled).",
        "type": 100,
        "compliance": {
          "confidentiality": 2,
          "reason": "Categorizes the notification for processing."
        },
        "enumeration": [
          {
            "value": "Unspecified"
          },
          {
            "number": 1,
            "value": "Weekly"
          },
          {
            "number": 2,
            "value": "EventCreated"
          },
          {
            "number": 3,
            "value": "EventCancelled"
          }
        ]
      },
      {
        "name": "content",
        "description": "The text content of the notification message.",
        "type": 1,
        "compliance": {
          "confidentiality": 3,
          "reason": "Contains information intended for the user."
        }
      },
      {
        "name": "is_read",
        "description": "Indicates if the user has read the notification.",
        "type": 3,
        "compliance": {
          "confidentiality": 3,
          "reason": "User-specific state information."
        }
      }
    ],
    "indexes": [
      {
        "fields": [
          "id"
        ],
        "unique": true,
        "primary": true,
        "order": false
      },
      {
        "fields": [
          "create_time",
          "user_id"
        ],
        "order": true
      },
      {
        "fields": [
          "is_read",
          "user_id"
        ],
        "order": false
      },
      {
        "fields": [
          "data_creator"
        ],
        "order": false
      },
      {
        "fields": [
          "data_updater"
        ],
        "order": false
      }
    ],
    "relations": [
      {
        "referencing_fields": [
          "user_id"
        ],
        "referenced_entity": {
          "name": "user"
        },
        "referenced_fields": [
          "id"
        ],
        "cascade": true
      },
      {
        "referencing_fields": [
          "event_id"
        ],
        "referenced_entity": {
          "name": "event"
        },
        "referenced_fields": [
          "id"
        ],
        "cascade": true
      }
    ]
  },
  "task": {
    "id": "68fdfaad9b5209b89cd6f4ef",
    "root": "68fd8ddc75e06ca1e8950834",
    "project": "68fd8ddc75e06ca1e8950833",
    "user": "b8614360-00d1-7007-9c9b-c2ddc52294f0"
  },
  "namespace": {
    "id": "01987547fc6c72ecb453bd2736bd4ea0",
    "tenant": 2,
    "name": "global-1",
    "default": true
  },
  "revision": 1
}